{
  "project_info": {
    "project_number": "777708188419",
    "firebase_url": "https://njfoodtrucksrusapp-bac3a-default-rtdb.firebaseio.com",
    "project_id": "njfoodtrucksrusapp-bac3a",
    "storage_bucket": "njfoodtrucksrusapp-bac3a.appspot.com"
  },
  "client": [
    {
      "client_info": {
        "mobilesdk_app_id": "1:777708188419:android:166ed078a143ef0b8aaf36",
        "android_client_info": {
          "package_name": "com.womackkyana.njfoodtrucksrusapp"
        }
      },
      "oauth_client": [],
      "api_key": [
        {
          "current_key": "AIzaSyDSvMCdFgIaPNpCTaUYeofi8nrjSzfmauY"
        }
      ],
      "services": {
        "appinvite_service": {
          "other_platform_oauth_client": []
        }
      }
    }
  ],
  "configuration_version": "1"
}